<?xml version="1.0" encoding="ISO-8859-1"?>

<project name="chipchat">
  <title>Chipchat - Web-based chat engine written in Java.</title>

  <body>
   	<links>
		<item name="Korean Site" href="/kr/index.html"/>
	</links>
    <menu name="Chipchat">
		<item name="Overview"				href="/index.html"/>
		<item name="Document"				href="/document.html"/>
		<item name="Downlaod"				href="/download.html"/>
		<item name="Demo"					href="/demo.html"/>
		<item name="Screenshots"			href="/screenshots.html"/>
		<item name="Forum and ..."			href="/forum.html"/>
		<!--
		<item name="Faq"					href="/faq.html"/>
		<item name="Tips"					href="/tips.html"/>
		-->
    </menu>

    <footer>
		<a href="http://sourceforge.net/projects/chipchat/">
			<img border="0" alt="SourceForge" src="http://sourceforge.net/sflogo.php?group_id=61626&amp;type=5" align="right"/>
		</a>
    </footer>
  </body>
</project>
